stock_id,weight
600438,0.20663187803190683
000999,0.19898225266879913
002459,0.19863819345445058
000983,0.19845744509211483
002311,0.19729023075272867
